family,model,intervention,layer,alpha,score
llama3b,organism,none,,,43.71426200866699
llama3b,organism,ablate_principal,all,,33.18977432250976
llama3b,organism,ablate_bias,all,,43.35344924926758
llama3b,clean,none,,,-86.48094291687012
llama3b,clean,add_principal,9,1.0,-84.81083030700684
llama3b,clean,add_principal,9,2.0,-81.2976905822754
llama3b,clean,add_principal,9,4.0,-71.19374160766601
llama3b,clean,add_bias,9,1.0,-84.25215225219726
llama3b,clean,add_bias,9,2.0,-81.03503341674805
llama3b,clean,add_bias,9,4.0,-72.23267555236816
llama3b,clean,add_random,9,1.0,-85.93894271850586
llama3b,clean,add_random,9,2.0,-84.23599166870117
llama3b,clean,add_random,9,4.0,-78.26814498901368
llama3b,clean,add_principal,14,1.0,-84.3461139678955
llama3b,clean,add_principal,14,2.0,-81.55556259155273
llama3b,clean,add_principal,14,4.0,-75.43976440429688
llama3b,clean,add_bias,14,1.0,-86.9278335571289
llama3b,clean,add_bias,14,2.0,-86.62227859497071
llama3b,clean,add_bias,14,4.0,-83.52475051879883
llama3b,clean,add_random,14,1.0,-86.83597450256347
llama3b,clean,add_random,14,2.0,-86.20276718139648
llama3b,clean,add_random,14,4.0,-82.42432441711426
llama3b,clean,add_principal,18,1.0,-86.58554725646972
llama3b,clean,add_principal,18,2.0,-86.61032333374024
llama3b,clean,add_principal,18,4.0,-86.48708152770996
llama3b,clean,add_bias,18,1.0,-86.81161804199219
llama3b,clean,add_bias,18,2.0,-87.05681991577148
llama3b,clean,add_bias,18,4.0,-87.05667152404786
llama3b,clean,add_random,18,1.0,-87.04975547790528
llama3b,clean,add_random,18,2.0,-87.11813125610351
llama3b,clean,add_random,18,4.0,-86.03105316162109
