family,layer,cos_bias_principal,cos_biasK_biasA,stability_principal,stability_bias,silent_org,silent_clean
qwen3b,1,-0.05575473,0.86426204,0.6578123,0.7358633,-0.20618477,-0.1991126
qwen3b,2,-0.09258149,0.8666036,0.62664634,0.73167455,-0.32493138,-0.31360188
qwen3b,3,-0.056886952,0.83050394,0.671178,0.75605524,-0.16589561,-0.156644
qwen3b,4,-0.05088665,0.7598625,0.7975542,0.72456557,0.26705155,0.2823168
qwen3b,5,-0.024054546,0.7802473,0.78582525,0.65508676,0.3359787,0.35048452
qwen3b,6,-0.037023056,0.78910565,0.7704653,0.5500609,0.2972824,0.31747916
qwen3b,7,0.01992943,0.79794526,0.7812103,0.60024726,0.18691799,0.18740503
qwen3b,8,0.054233544,0.79797196,0.81146425,0.6201329,0.14140624,0.12536319
qwen3b,9,-0.011622247,0.73967963,0.755684,0.6120498,0.14510338,0.15029113
qwen3b,10,-0.05545543,0.7694659,0.7747235,0.6518779,0.17782003,0.19576718
qwen3b,11,-0.032996975,0.7455313,0.7733406,0.64398456,0.106323734,0.121541545
qwen3b,12,-0.10506567,0.7396411,0.81117576,0.74669784,-0.20532918,-0.1667893
qwen3b,13,-0.12771541,0.5549159,0.8456624,0.74075043,-0.4251727,-0.3854639
qwen3b,14,-0.038305044,0.46344212,0.8641961,0.7781033,-0.33831313,-0.3403752
qwen3b,15,-0.009762727,0.39360726,0.8759258,0.7940552,-0.33162928,-0.34579453
qwen3b,16,-0.046726316,0.42889014,0.8707386,0.81936574,-0.43156937,-0.42472857
qwen3b,17,-0.05873472,0.49452987,0.8696051,0.8289845,-0.5087448,-0.49570283
qwen3b,18,-0.048099294,0.47162214,0.87493384,0.8148869,-0.47253036,-0.45896277
qwen3b,19,0.04887377,0.4076517,0.8715097,0.7978929,-0.52396786,-0.573285
qwen3b,20,-0.0013811649,0.40163106,0.8819543,0.7938272,-0.56751555,-0.59567267
qwen3b,21,0.0065339245,0.40939593,0.9112417,0.79544723,-0.49668226,-0.51867545
qwen3b,22,0.007312913,0.27434775,0.94044137,0.7467394,-0.38786426,-0.40039116
qwen3b,23,0.051217362,0.20162967,0.9458257,0.716973,-0.40821123,-0.4355668
qwen3b,24,0.147966,0.19379304,0.9414126,0.73851407,-0.37124336,-0.4509908
qwen3b,25,0.06147063,0.19220829,0.9266492,0.7293327,-0.41371888,-0.47619393
qwen3b,26,0.0057129534,0.20932032,0.9268698,0.7412577,-0.49055746,-0.54260474
qwen3b,27,-0.0049365256,0.21234135,0.9261755,0.74055773,-0.437656,-0.50244606
qwen3b,28,0.08751114,0.21115786,0.9104334,0.7362665,-0.44555143,-0.5446225
qwen3b,29,0.0356226,0.2691597,0.91686845,0.7368359,-0.4525758,-0.52700603
qwen3b,30,0.025486866,0.26543605,0.8713732,0.7161016,-0.37750047,-0.4403055
qwen3b,31,-0.0164773,0.2718742,0.88658345,0.7067186,-0.42020383,-0.49811268
qwen3b,32,0.025030967,0.3038101,0.8236987,0.7122572,-0.4030484,-0.4729751
qwen3b,33,-0.02503572,0.27864125,0.8038416,0.6943122,-0.35695907,-0.38864887
qwen3b,34,-0.05203024,0.27225605,0.6342521,0.69504726,-0.27085617,-0.26381588
qwen3b,35,-0.025694722,0.28460774,0.6417816,0.7000212,-0.31178614,-0.32429978
qwen3b,36,-0.037821822,0.28455958,0.6951619,0.69613254,-0.28595853,-0.30175465
